UID,Gender,1,2,3,4,5,6,7,8,9,10,11,12,13,14,15,16,17,18,19,20,21,22,23,24,25,26,27,28,29,30,31,32,33,34,35,36,37,38,39,40,41,42,43,44,45,46,47,48,49,50,Target
C101023,Male,-0.57479903,-0.380028707,-1.096351512,-0.291021587,-0.042353582,-0.490431602,2.045381121,0.71784345,1.234222665,-0.179381996,0.106661828,-0.124832517,1.849585912,-2.838547137,1.082048065,0.224168522,-0.299583948,0.49761294,-1.307678143,0.806537788,0.387231502,-0.405879191,-2.017014005,0.705288559,0.249146981,-0.594550093,-0.37608189,-1.072010699,-0.571282492,0.476030432,-0.32256211,-1.909005171,0.334306002,0.603007963,0.770278034,-0.513397761,-1.942277489,0.38085258,-0.579118995,-1.096147696,-0.419024047,0.261061908,0.135792752,-2.09011148,1.026224672,0.838145374,-1.025397221,-0.84475105,0.753220293,0.168975545,-178.0486772
C101024,Male,0.392314039,1.585432552,-0.41712847,-0.523164125,0.281655847,-1.46711683,0.948133772,-0.849744598,1.071215922,-0.790245961,0.766225934,1.049989363,-0.615764695,0.881402675,-1.262206835,0.194409749,1.849078033,0.190535568,-0.078594662,1.15660909,-0.171315497,-0.384981911,-0.484516166,-1.066209685,-0.425221456,-0.080994969,-1.024336159,1.362552503,0.351997522,0.872737445,-0.12050379,1.033118424,0.540171256,1.214940444,-1.36261589,-1.025740346,-0.439282065,0.341933324,-0.060832614,-0.957102978,1.011688996,1.36625636,0.410401097,0.792789655,-0.902151957,-0.83658721,0.176687053,-0.426512449,0.199709099,0.853579146,-40.48771439
C101025,Female,0.5538752,0.914477595,0.231617305,-0.219017274,0.389178324,-1.417592669,0.537481321,-0.707381486,-0.405644029,1.170090976,-1.594796798,0.930204415,0.755664817,0.15878729,0.968516637,-0.137510434,0.106431048,1.374551842,-0.095445606,1.133729231,1.523518873,2.110988981,-1.403184217,0.314506886,-0.395779746,1.600422271,0.84091505,-1.121677019,-0.406755264,0.933391166,-1.484655328,0.626698752,1.013569877,1.005322746,-1.606691,0.552699293,0.219455956,0.430584038,0.441220029,-0.418025431,1.05682992,-3.184977653,-0.81081319,-1.091628969,-1.284407824,0.222937106,-0.108942935,-1.59283775,-0.906915957,0.411714876,187.5998628
C101026,Female,0.216265392,0.411984074,2.600224214,-1.2221976,-2.09006206,-0.629908563,0.102065833,-0.173401484,0.005219534,-1.288458959,0.398548572,-1.437249191,1.095971024,1.176392694,-0.682032845,1.021433403,-0.569246388,0.774714792,0.870529498,1.435114328,0.691328423,-1.460807337,-0.434257223,-0.232474359,0.153525939,-1.642910788,-1.045103122,-1.384454937,-1.103586767,-1.418736207,0.174222411,-1.319238187,-1.718373033,0.550507631,-1.045505057,-0.653998862,0.610517632,0.933939202,0.240096154,-1.116756412,-0.525948987,-0.238356017,0.585548822,-1.085922402,1.323357112,0.493976025,-1.703384734,0.45001194,0.696394486,-1.799845436,-407.1278744
C101027,Male,-1.168350417,0.724284356,-1.057225085,-1.194442058,0.64217365,-1.57404662,0.551738195,-0.08537051,-1.524528365,-0.870192057,0.643688612,-0.960580564,-0.695330892,-1.808987502,-1.132819835,-0.044140218,0.988687236,-0.219589199,0.160569993,0.084166469,0.926374284,-0.721209267,-0.495471478,-0.651822275,0.389840467,0.200962194,1.031190631,0.365320306,-0.42253523,0.177924831,-0.961150037,-0.895965129,-0.230820396,-0.35746781,0.352843557,1.286001211,-0.763453928,-1.57079756,-0.672635549,1.61913122,0.400903938,-0.324179589,0.923221571,0.144829668,0.117625391,2.051371398,-1.647830143,-1.128930161,-1.028912576,0.905875943,-305.7840095
C101028,Female,-0.487556127,-0.73115673,0.497766992,0.891567907,1.349107094,-0.327621138,0.089457094,-1.548108824,1.771083761,0.281956669,-0.02821968,-0.943595399,0.546622115,0.671302564,-0.271046431,0.521983105,0.879462687,0.446878555,-1.08178723,-0.453731655,-2.499138072,-0.731447289,0.759729826,1.082344043,-0.982200545,-0.040045379,0.113143146,0.517641274,0.900659719,-0.256304848,0.927466606,0.903286217,-0.765582437,-0.865662234,-0.246412156,-0.390899261,0.625580906,-0.33010967,-0.803062403,-1.929288951,-0.615409491,-1.1146642,1.134473962,0.850515982,1.064118534,0.178318889,-1.175557401,0.24277608,1.092883312,0.694920359,229.5503488
C101029,Male,-0.143041925,-0.019160973,0.610271932,-0.836940228,0.641588219,1.169707729,1.275485416,-0.635532502,0.489424052,-0.321626876,1.239934627,-1.908323989,1.528605348,0.445043277,-0.479165743,-1.980737675,0.215215143,-0.409917687,0.305263794,1.543374071,-1.309090587,0.516451872,-1.49917474,-0.658758405,0.767304397,-0.45527988,0.254152965,-0.347419462,-0.423257464,-0.427589799,1.260232652,0.358086115,-0.511908027,-2.478587215,0.24573193,-0.755556645,-0.343976244,-1.201816333,1.183963871,-1.076499468,1.962957583,-0.081227812,0.056672407,1.44168397,1.307496298,-0.217413129,-0.801151207,-0.038807855,0.23628197,0.507301359,109.0771704
C101030,Female,-0.724620781,0.296964588,-0.803181006,0.650967448,-1.193924359,-0.453567763,0.040700398,0.975958102,1.835239619,-0.077338037,-0.24074879,0.236094786,-0.0765314,0.174281064,-1.547329971,-0.250090277,1.848110211,0.507290901,-0.228464635,-2.862567516,-2.353676984,-0.119643023,0.419472426,-1.568407454,0.452784322,1.217689735,-1.345848195,0.072309023,-0.250952495,-0.054564526,-0.418677027,0.122177746,-0.679916544,-0.851700322,1.441841698,1.105853524,-0.349955479,-1.735324077,0.238498292,0.754292739,-0.511515325,1.177025322,1.883505125,-0.221047665,-1.500248171,0.215651839,-1.359728912,1.265777374,-0.043450402,0.924471824,-274.5569164
C101031,Female,0.489793913,-0.738663753,0.574036371,-1.216770547,1.114037392,1.009241556,-1.969665023,1.552492589,-0.781893647,-2.179263473,0.38080865,0.029461105,-1.376812933,-0.285126977,1.423666214,2.014923817,0.895313478,0.337089689,0.332642918,1.269268773,-0.21402542,1.768616831,-0.460120355,0.183282025,1.419330979,-0.867030222,1.021831143,-0.010326332,1.20243537,0.228110413,0.341828284,-0.011203602,-0.140144425,-1.664116919,-2.385907992,1.140075259,0.107876649,-0.048435213,1.773268037,-0.490522225,-1.184014334,-1.93513922,2.847720505,1.025417183,0.712304305,-0.707584149,-1.302118499,-0.589389172,-0.211146338,-0.332220082,91.76300412
C101032,Male,-0.29476676,0.831907236,-0.419374423,0.177852064,0.507983834,0.85966211,0.873664001,1.516972082,-1.449712365,-0.110331457,2.396864641,0.827176918,0.038762071,0.215241745,0.058352922,0.788588382,0.810963212,-0.106099468,-1.696393127,-0.540652058,-1.839351308,0.438161396,-1.138099856,2.985302924,0.346811327,0.46150144,0.007961198,0.685825731,-0.393174481,0.183629944,0.344224843,1.565513355,0.498794359,-0.028973767,-0.619176282,0.040588691,-0.515225934,0.817016955,2.451755311,-0.20677968,-0.820427124,0.337366968,-1.0428619,0.735920273,1.238138286,1.175168909,-1.165976054,0.745261515,0.405405264,-1.283077028,545.2085255
C101033,Male,-0.92108824,0.938016513,0.215622217,-0.939943465,0.916920597,-0.923794305,0.305169381,0.426082216,1.032559061,0.221418311,0.771345478,0.346914596,0.296943973,0.791486733,-0.188620827,-1.111055452,0.065038798,0.925593385,1.398182575,1.45928485,-0.500611172,0.963148655,0.115248515,0.022420792,1.04539068,1.699325999,0.615382675,1.139255219,-0.682070886,1.199168331,0.609105513,1.075305125,-1.124891369,-0.959808841,-1.570112141,1.553752814,0.647227863,-1.967217665,0.407413797,0.614063736,0.94886014,-0.721753359,-1.62393742,0.203478261,0.090471182,1.554812979,-0.213212774,1.210993087,-0.505166637,-0.273057388,469.2172725
C101034,Female,-0.027542399,-0.924131418,0.417443146,1.329410656,-1.075824499,0.423533888,0.557594043,-1.191549853,0.096473512,0.173633761,0.530553625,-0.230669266,-0.815037559,0.958347415,1.193023685,0.875999249,-1.459044022,0.805897105,0.229073536,-1.097557372,-1.2461548,0.694685203,-1.598742036,-0.220912114,0.873860483,-1.712634723,1.384716303,-0.510405397,-2.906652395,1.414509753,0.351001619,-0.962330494,1.609764866,2.032743859,-0.427095699,-1.060547398,0.273797348,0.043219174,0.82682381,0.010018426,-1.438203633,1.8068364,-2.21277366,-0.802185951,0.222132435,-1.648129429,0.678583862,-0.240805785,-1.775181118,-2.776481501,-442.6687027
C101035,Female,0.171286378,1.29073911,-0.694729126,0.005989368,2.357018233,-0.747590896,0.590657247,-0.765824492,-1.077820587,1.391141295,3.312822129,0.831023728,0.188290265,-0.646745175,0.142117628,-0.697296928,0.915159003,-1.128662131,-1.083551596,-0.701858622,0.945988816,0.584817724,2.221192115,-0.000233161,-0.80045721,0.813277623,0.344405341,-0.141552758,0.982727625,-0.493520062,-0.324806127,-0.777079237,0.188299529,0.071483169,0.785527617,0.191411651,0.477404771,0.472849358,-0.54687334,1.092389121,-1.326339788,-1.712636459,1.06932021,0.431560485,-1.140891664,0.034093534,0.452522915,-0.556715815,-1.691248942,0.698571407,24.93634539
C101036,Female,0.137509759,-0.990887105,0.918539,0.077209282,0.071353483,2.627774602,-0.176779783,0.301344192,0.731225122,0.170696777,-1.247952255,-0.456326591,0.441825086,-0.639942986,-0.413022361,-0.242316251,-0.930392375,0.211990378,-0.678347163,0.687276939,-0.337239039,0.365100154,-0.421341551,1.929892379,0.515031696,-1.538375287,0.301049717,0.275541341,0.432667821,-0.548875338,-0.007076367,-1.144035518,0.552558207,-1.314195444,-0.729714647,0.003532327,-0.386064926,-0.859232688,1.258114149,0.460782138,-2.795025773,-0.043043977,-1.132483692,0.502649686,-0.298970557,-3.073117032,0.267861468,0.094534185,-0.098020959,0.568451825,-364.2349943
C101037,Female,0.301109159,1.134902197,0.095733807,0.40367139,0.614611543,-0.717186116,0.2530651,0.359599775,0.053895112,-0.568066898,-0.37255333,-1.355358492,1.185618421,0.32430203,0.62994536,0.012167477,-0.320050336,1.327397671,-1.543985595,0.03752758,1.226779541,-0.349530858,1.019949823,0.671671579,-0.50148858,0.181603627,0.503661756,1.334517127,-0.265565561,0.597326582,-0.476740581,-0.207499908,0.574239646,-0.554066396,0.821292286,0.917678785,0.139538764,1.959963755,0.572116119,2.322978163,-0.907382586,0.110692188,-1.084838113,-0.980634657,0.991307003,-0.002563631,-0.183526468,0.003162861,0.687806801,-1.7167774,237.1641116
C101038,Female,0.790369593,0.002163184,-0.70410987,0.103587164,-0.571009821,-2.294473589,-1.292009337,-0.14755397,-1.837204074,-0.969640456,0.147485282,-1.571389436,0.809804441,-0.399366979,0.435366897,0.062686651,-0.058006537,-0.79518937,0.832911082,-0.272330073,-0.453510369,-0.365543948,-0.911969581,1.150195244,0.467175661,2.124551193,0.521297919,1.056698143,0.912897629,-0.738100744,-0.32441252,-1.582911496,-1.586947852,-1.640239019,-1.280489956,0.323850106,-0.914991096,0.004046163,-0.662561633,-0.391573609,-0.230317875,-0.927230151,2.027100547,-1.045321479,1.844747046,-0.803938192,-0.23553347,0.639629495,0.108487053,0.664888342,-319.2603354
C101039,Male,-0.441370503,-0.799294847,1.474250417,-0.956768506,-0.740493884,-1.836204585,2.873134495,-1.469601734,0.09227094,1.203159509,0.751600433,1.063193823,1.455432733,-0.349491866,-1.603875302,-0.810815213,-1.147450923,0.461228949,-0.562129887,-2.368287064,0.420827124,-0.559118974,0.582624508,0.603249524,0.329752823,1.971934748,-0.280946586,0.784680723,-0.327648106,-1.355587442,-0.415428826,0.275945916,-0.515636497,0.331731701,-0.826169185,-1.144049631,0.497240847,0.193498726,1.183891224,1.329528877,-0.959687275,0.607405384,-0.552461236,-0.881007464,0.622193868,-0.268832496,-0.51949231,0.160795588,-0.671322131,0.781119638,-307.0792715
C101040,Male,-0.011875439,1.852683017,-0.665722856,-0.761566261,-0.703799262,-0.984106443,0.5852734,-0.756075959,0.97489411,0.98857844,0.460606806,0.024529566,-1.288467027,0.085700945,-0.970819855,0.467164829,0.649929157,-0.361688895,1.460143694,-1.474708811,0.502877116,-0.276862982,-0.652894461,-0.791608642,-0.981877631,1.222113208,1.046241946,1.190692611,-0.851913845,0.169195264,2.067961007,0.913245406,1.136829451,-0.00529073,0.61349319,-0.810336066,-0.314885603,-1.756112838,-0.283946875,-0.194585413,0.716520082,-1.555355503,0.896976789,0.153226424,0.586145897,-0.013856216,-0.66153103,-1.637837236,0.688196868,0.558570882,172.4494215
C101041,Male,1.525585728,-0.230981159,1.305417355,1.113728488,-0.744781045,-0.311916911,0.298323766,-0.445727604,-1.712400013,1.491974258,1.127077996,0.844905086,1.62030277,-0.898243272,2.152941041,0.569808474,0.16967467,1.456336896,0.317200496,-1.703143378,-0.931684651,-0.832847267,0.571980224,-0.207762203,-0.983515602,0.36420096,0.626169439,-0.918475268,-0.137122427,-0.403642993,0.089426826,-1.074172333,-0.262566116,1.124037599,0.203508954,-1.133301653,-2.050150549,0.245236741,0.395388701,1.339825984,0.674008112,0.36963141,-0.518797101,-0.810897564,-0.716834739,-0.274754988,1.264687749,-0.273628654,0.202579157,-0.608159294,0.773900356
C101042,Male,-0.531650442,0.08624047,-0.638900973,1.116507417,0.514621285,0.179570317,0.457874142,0.521373337,-0.572694397,-1.002061361,-0.125317491,-0.128323784,-0.950055855,-1.54554286,1.052963309,0.396697869,-2.335560075,-1.567971047,-1.975893575,1.066434657,-2.163402496,-0.842464381,1.573113162,-1.017490734,0.303532189,0.147725625,0.437791534,-1.268154911,-0.447075828,-0.167246199,-0.248349698,0.310023472,0.961404183,0.92448922,-0.304335667,0.036895303,0.895168335,1.625682894,2.001962256,-0.611972571,-1.435472335,-0.098538953,0.5982878,0.645751004,-0.566890328,0.55175499,0.493640431,0.082732021,1.182135458,0.009494768,-14.95533873
C101043,Female,1.159611114,-0.645074129,-0.295932696,-1.004673694,-0.382614794,0.157524067,-0.353700212,-0.776599942,-0.316541502,-1.221654116,0.167141383,-0.70117338,0.425727448,-0.462302656,-0.287875606,-0.698590875,-1.216152404,-1.095982178,-1.85506033,1.067814416,-0.878501397,0.519602815,0.872686506,-1.093403614,0.008261155,-2.645813253,1.79030049,-1.03651357,1.1712138,-0.828196803,-2.256257502,-0.386815438,1.227244044,1.996070746,-0.906904227,-0.219590663,-0.278389729,-0.26773696,-1.671524768,1.196222603,0.843495717,0.990131465,0.275107471,-0.920348443,-0.269014176,2.173942928,0.816777205,1.090437537,-0.894262086,-1.066038017,-485.4581957
C101044,Female,-1.597418983,1.146002046,-1.579500174,1.702626552,0.796116776,-0.878721493,0.350371679,-0.668889105,-0.734304035,1.636713027,0.911477648,1.010735693,-1.89830166,-0.244451002,0.740980329,-1.59963783,0.466178749,-0.254706844,-0.538723791,1.332240518,0.64077582,0.025756922,1.948420256,0.046421485,0.13540931,-1.224304193,-0.401996836,0.534197684,-1.924322388,-1.269937558,-0.791465276,-0.421816794,0.037648229,0.741601862,-0.937307464,-1.007829881,0.23301885,1.28379017,-1.193918364,-0.418587686,0.81577854,-0.107115001,0.160801698,0.795477288,-0.151960884,-1.273673323,1.791209557,0.773796556,0.123798105,-0.874553157,-30.96843697
C101045,Male,-0.682632106,0.489489794,0.164707861,0.061715401,-0.064687211,0.358864328,0.47879165,-0.181243297,-0.237824189,-1.297502839,-0.280496754,-1.014138761,-1.513353487,-1.121264607,0.179472212,1.556221129,0.135829935,1.061012715,1.739022725,0.459081065,-0.251540184,-0.897134723,0.570662185,-1.519053231,1.650850681,0.128493986,-0.419975089,1.004780599,2.557178397,0.215549461,1.632516591,-0.274390041,0.379129289,0.049303657,-0.3388034,1.070891956,0.368402736,-1.444848416,-0.156649297,-1.617200945,-0.690466513,-1.689260452,0.217261733,1.186708066,0.266754501,-0.625354298,-0.255481923,1.646118025,-0.827833004,0.980925232,154.8457691
C101046,Male,-0.53401487,1.488627346,-0.430945784,-0.783279024,0.558434447,1.052694025,-0.367629707,0.042878222,0.089976959,1.875760056,1.16073723,0.137458822,-0.350996919,-1.953198577,0.078914425,0.142261202,-0.339021142,-2.443430818,0.082602421,1.221563654,-0.738531916,1.44291799,0.835704785,0.03713553,-0.359399513,1.212597989,0.293684213,1.103251635,-0.086870646,1.948787609,-0.23439164,-0.094397762,-1.509393741,-1.051816969,-0.393487234,-2.144967057,1.154314693,0.960094382,-1.708454522,-1.271867189,-0.126613642,-0.214589351,-0.475892356,0.159729315,-1.755620152,1.553547496,0.326341858,-1.041815243,-1.001084687,1.257286111,-243.5014854
C101047,Female,0.801228576,-2.268705729,0.562275798,0.981210274,1.04652636,-1.152640884,0.065436617,0.605463614,0.146803288,-0.869561854,1.437775746,-1.645544661,0.723768228,1.500054926,0.222882235,-0.195756328,-0.058871947,-0.881334767,1.029835451,0.969749262,-0.548113296,0.59177837,-0.3938596,-1.934243706,0.585723947,0.06428426,0.723699171,0.750172418,-0.426162776,-0.458351966,-1.60588712,1.462484413,-0.584510846,0.832491681,-0.657633022,-0.941331459,0.106107775,1.653887028,0.535947806,0.088603808,-0.288254561,-0.662815434,0.851934278,-0.515752264,-1.772095132,-0.130694259,-0.147064694,-1.379354366,-0.496453448,-0.365660902,-112.6353654
C101048,Male,0.113184202,0.775445858,1.840227337,-1.418817768,-1.831210353,-1.058546099,-0.066553958,1.422318214,-0.094034922,-0.159167368,0.477674753,0.443281213,-0.107130828,-0.491796224,0.324934121,1.541865614,-0.089096683,0.094899958,-0.594474452,1.021983611,-1.566799756,-0.619532507,0.284312685,0.114184126,1.659809356,-1.288563126,0.220815003,1.477757866,0.327590932,0.959304453,-1.240660284,1.012874747,0.082340686,0.704041107,0.799367155,0.489482256,-1.027249145,0.370433581,0.158484755,0.801723872,-0.865518784,-1.126074213,-1.010703288,2.004283402,-1.440205498,-0.725648658,-0.10781712,0.11438462,-2.666889827,0.016574069,-346.3365831
C101049,Male,0.93032234,-0.816858262,-0.683889173,0.651577341,1.866596966,0.071356208,0.154589408,-1.421445158,0.235830351,-0.069409301,0.165770996,-0.892386172,-0.930393464,-0.299502717,-1.992200771,2.429262467,-0.099599538,0.235189961,0.210373092,0.316034708,-0.223510625,-0.654419441,0.074242818,1.472993859,0.127597355,0.271774302,-1.233069712,-0.519872114,0.256619894,-0.773802379,-1.051948957,1.312232063,-0.438694666,-0.567688532,1.523008333,-0.001107935,-0.813202026,-1.678339352,-0.052034282,-0.371122044,0.037439032,0.993817178,-1.124196943,0.358937803,-1.513081088,-0.059544377,0.005719709,1.65409022,-1.184538197,1.322483359,114.133369
C101050,Male,-0.180747234,-0.351033903,0.779480622,-1.192874427,-0.612258337,-0.092312871,-0.206146843,-0.599490695,-1.481557464,-1.353818381,0.944081401,-0.204404966,-1.393670882,-1.72437557,0.357160086,0.369632273,0.223359127,-1.095790693,0.030669576,2.029414976,0.137188145,0.853534891,-0.975362639,-0.345689736,-0.484305875,2.317796089,1.355284249,-1.98406133,-0.14221574,0.725756812,-0.056956242,0.899278581,-0.112497457,0.31391069,-0.540891391,-1.533009563,0.124359549,-1.001297193,-0.976031372,-0.028379764,-0.187042844,0.232754087,1.216166614,0.484170155,-0.121785221,-0.547656885,-1.455712783,1.17990358,-1.682412915,-0.035431078,-347.2845894
C101051,Male,-0.303462597,-0.699656504,-0.096553893,0.156288047,-2.179423906,0.900096103,0.816527485,-1.928303133,0.237621666,-1.909946587,-0.239510292,0.085559077,0.363892365,-0.655805743,0.552938249,0.068794729,-0.109884402,0.754760479,0.335130323,0.288524413,0.791975031,-0.415381597,-1.920890209,-0.143541604,0.050769338,-0.113900052,-0.533018267,1.397651376,-0.730705948,-0.838568192,0.780636193,-1.247575072,-0.116302783,0.438789712,-0.163733494,-0.609866724,-0.544997948,1.302756805,0.247229111,1.018269751,1.478967677,0.481231416,0.728088923,-1.032775107,-0.353971732,-1.617748004,-0.561984678,-2.249343864,0.275413777,-1.630089959,-438.6060454
C101052,Female,0.474506682,-0.651106608,2.700955123,-0.766911135,0.268487331,-1.390617045,0.477901904,0.452851916,-0.27161118,-0.219783879,-1.144510941,-0.596463722,0.743561262,-2.465904607,0.441261711,0.829998004,0.432557762,-1.226940024,-0.535283919,1.808178202,-0.85371721,-0.675368038,-0.097338936,-0.980928212,-0.0419142,0.7716647,-0.425967256,1.661584877,0.721906169,0.354980604,-1.719479755,0.342033213,0.45702632,0.063453581,0.550906087,0.944215728,-0.02873037,0.340377427,0.206188783,0.568901539,-0.662098575,-2.046241912,-0.695748142,-0.754771524,0.128174818,-0.585652238,-0.394305545,0.169279777,-0.319100223,0.279948147,-57.07500381
C101053,Female,-0.891214786,0.408730574,0.783333149,-1.430031989,-0.06025845,0.176389398,-1.1220715,-1.807816273,-0.352743786,2.197187989,-0.996563569,-0.160948407,-0.228498683,0.838152352,-0.750817641,-0.973792815,1.123194057,-0.184894041,1.421211587,-0.576190562,-1.621012454,0.572839626,-0.147396749,-0.464735785,0.016007047,-1.098446234,-0.283739991,0.371684913,0.373361873,1.861844178,-0.784596443,-1.857298013,0.54717529,0.674121126,0.792387646,0.70852604,-1.542568006,0.676343519,-0.78626343,0.001208723,-0.626516596,-0.693714013,-0.330892274,0.945772491,-0.664883437,0.110303308,-0.302312461,-0.409581585,-0.041904957,0.73060173,-470.5267284
C101054,Female,-1.110553125,1.227898263,-0.472772175,-0.500641899,0.401419854,0.093412287,-0.886279499,-0.422050701,-0.030267082,-0.107985541,-1.725913454,1.404210672,0.154878142,-0.296699293,-0.253370307,0.684591779,-0.127199916,-0.293492416,-0.37365697,1.335430847,1.2135239,0.913541615,0.032160561,0.960715465,-0.44725839,0.750315788,-0.560337777,0.573095228,0.081783557,1.250828402,-0.597716579,1.497841077,0.281441503,0.285070538,0.181474746,-1.560397872,-0.355439452,0.14288213,0.642442203,1.436932502,-0.28107138,-0.178679659,-0.483394721,-0.612916726,0.512293105,-1.647729587,-1.169534658,0.667788057,1.449588825,-0.909562171,213.5749747
C101055,Male,-0.406062088,0.754434184,-1.571433302,-0.13418707,0.072877867,-0.134735417,1.148793101,-0.716867101,-0.700073471,1.224054546,-0.098764668,-1.765189822,-0.305687673,-0.290555657,-1.02133068,-0.949782906,-0.275853358,-1.029878056,-0.739391772,0.780378733,-0.067019464,-0.962133417,0.954729767,1.847013699,1.300310758,-0.347350129,-0.386634364,-0.475573473,0.159154082,-1.753301666,-1.089373449,-0.402363846,-0.994363771,1.405947063,-0.905572098,1.436798879,0.807937942,-0.248883966,-2.256364018,0.863889726,-1.284808251,1.387920334,-0.150301854,0.458485625,-0.384378106,2.252008335,-1.895357384,1.179071143,0.580357966,-0.072308095,17.81481144
C101056,Male,0.32640003,0.099173616,1.496695434,0.608027843,-0.848411469,0.032997736,1.234980292,-1.025401974,2.01562147,0.809873755,1.54524281,-1.786815336,-1.874787141,1.740590203,-0.010897903,0.083573901,1.828606494,0.715645296,-0.030643585,-0.185417889,2.10608938,-0.545852518,1.624236086,-0.176313951,-0.897510957,0.450825505,-0.642182273,1.613245394,0.211147452,-0.067093316,0.556304553,0.135970505,0.190927294,1.713381598,0.955425346,1.160224814,0.05899606,0.692153641,0.467601599,-1.149496654,-1.044983961,0.296258942,0.009866903,2.34680391,-0.171782816,-0.171589264,-0.168437744,2.384060881,2.286443689,-0.896323171,377.8348325
C101057,Female,-0.619875139,0.522554411,-0.015844329,1.081724895,1.56178585,0.892053101,0.047156329,-1.585290051,1.006571155,0.636112937,-0.812307512,-0.923650578,1.397606771,-0.098069707,-1.562705154,0.27807539,-0.62195005,0.890612702,0.706875201,-0.330864871,-1.186290216,-0.726607614,-0.30769091,0.08236232,-0.498200779,-0.020798197,1.404051505,0.448306891,1.778282588,0.680106569,-0.722308138,0.383027872,0.286097681,1.134746117,-2.534059704,-0.66391655,1.717651071,2.113594106,-0.898157779,0.67943957,-1.490903771,-0.172496742,1.015317292,-0.750420251,0.085986219,0.833267308,-0.554058738,0.820490012,1.131501102,-0.355401033,137.2173949
C101058,Male,0.58875659,-0.639265792,-0.27016527,-1.59555327,1.157243785,0.79815099,-0.44050747,-0.209350078,-0.25361721,1.306227745,-1.006185433,-0.403617852,-0.137050193,-1.030014674,1.122165221,-0.147026364,-0.151810311,0.531037413,0.882472417,-0.32830235,-0.531066915,-0.065541324,0.280403054,1.599439806,1.789602444,-0.005684011,0.529999069,0.864060705,0.207418823,-0.495500032,-0.393148123,0.603569849,2.774169221,0.688869486,-0.289391934,1.390581568,-0.446209441,-1.011784875,0.592578803,-0.833868192,-0.028465806,0.132139207,-0.998232918,0.300382169,0.308233302,-0.164288908,-1.7093752,-1.866346591,0.600056858,0.157337398,550.1449047
C101059,Male,-1.131077155,-1.145340333,0.408076097,0.142321494,-0.971819751,1.73027293,-0.002005482,0.974023583,0.597283472,0.150243083,-0.542988199,0.003355032,-0.328953206,-0.697024898,-0.338711857,0.031358497,0.250890432,0.331732265,0.564459786,-0.101203466,-1.458129737,1.496455459,1.133382019,0.547334849,-0.713154297,-0.562577642,-0.430799324,0.285512234,0.888593033,0.367374538,0.59537373,-0.048168516,1.193518321,-0.659555747,0.764353036,0.788884394,0.176692491,-0.849040637,-0.042913498,-1.04428304,0.133911753,-1.246125116,0.366977341,-0.828363333,0.375378775,0.575921963,0.035416691,-1.415191216,-0.803989596,1.715571107,148.1902579
C101060,Male,-0.223949518,1.157244365,-1.714684715,0.482148765,0.565628194,0.692062975,1.30001221,-0.642269245,1.43165575,-0.383116951,-1.357173383,0.523698131,1.164768577,1.097640482,0.10806613,0.407034629,-1.022607167,-0.23813057,0.481572577,-1.357751804,-0.180285635,0.211480336,-0.159339347,-0.041001808,0.445510464,-0.142501717,-1.150140313,0.155158745,0.094779947,-0.842185956,1.273366528,0.579777699,2.374024759,-0.649953583,-1.715302739,-1.015654067,-0.140404218,0.882592184,-0.422460131,-1.501218091,0.136645351,-0.971119177,-1.075954285,-0.893169705,-0.732761963,0.578363833,0.159818316,1.044391429,0.174721658,0.963556123,213.1795266
C101061,Male,-0.412965326,-1.234085743,-0.785453304,0.016453649,0.439428386,-0.373420255,-0.442735194,0.186679148,-1.025220682,0.212300342,-0.191329245,-0.628499718,-0.060008502,0.080702485,-1.096879887,1.794132346,0.244874559,0.051889089,-0.178657796,1.786885343,-0.468973092,0.337197658,0.522858022,-0.624978017,0.942549928,2.026137699,0.583973778,0.346377264,-0.589102732,-0.291409138,-0.824267796,-1.222652226,0.856369347,0.61649964,-0.388246624,-2.507861191,-0.243664998,0.559464328,-1.951859441,-0.993182513,2.112439489,-1.097572901,-1.109007982,1.156294201,-0.208679487,-1.719077678,2.070036416,0.915125793,-0.183584189,1.301805262,272.2867095
C101062,Female,-0.162296733,-0.736777754,0.860018046,-0.471084422,-1.383177039,0.487623757,1.834857598,-0.052271014,-0.390762676,-0.467420461,0.319078461,0.194483073,-0.982651655,0.22541246,1.624774806,-0.621006817,-0.556477005,0.403539028,-2.00364418,0.170626643,0.866617976,2.099629069,0.105520245,0.544484833,0.359758245,2.232181123,1.134772201,0.082494222,-1.050649216,0.295574293,0.877591461,1.071770561,0.021456639,2.43526025,1.190158979,-1.512247093,0.476975961,-1.841304499,-0.236135279,-0.683037799,0.383092419,1.214915302,-1.900727871,-0.959172254,-0.480403041,-0.42534372,-0.516304835,0.729924005,-0.193138514,-0.051456614,135.6290245
C101063,Female,0.340271884,0.312939042,0.722032934,0.516534943,1.542413747,1.659055413,-0.13805882,0.900994517,0.072366288,0.997668114,-1.465162916,-1.035375005,-0.838912514,2.167070488,-0.785866403,0.268361,0.713043533,0.721872495,-0.456444347,0.494787584,-0.352181814,0.460650417,-0.799332362,1.429265,-0.724442252,-0.379948237,-1.616571839,0.978220157,-0.785736527,-0.479167139,-0.061383151,-0.805555727,2.008809654,-0.317659919,-1.230272602,0.800016513,0.811086468,-0.157618165,-0.26589329,0.981187893,1.709711369,-0.034042404,0.725941926,-0.156899535,-2.513472838,-0.298665241,0.591857346,1.253048497,0.431985939,0.697901807,406.4508494
C101064,Female,-1.569107508,-1.097457676,-0.128562344,1.025532098,-1.092761819,0.492389276,0.76268648,0.414731424,-0.7749153,-0.205080687,0.72158286,0.127468482,0.349681082,0.323918313,0.667832129,-0.498492279,0.812414462,0.05965088,0.003573027,0.254405239,-2.655081851,0.499048259,0.222556807,0.738485214,1.045037402,-0.265662949,0.166879713,-0.206825311,1.097751412,0.107318048,0.296349594,-0.247909806,-0.405618013,0.897950015,-0.261007086,0.230470184,0.27388903,0.850173052,0.434208294,1.680854475,-0.854625529,0.017363274,-0.008269603,0.281828775,-0.132301853,1.236806042,-0.945662104,0.568791649,-0.951469021,-0.028530868,-42.69868018
C101065,Male,-0.49589295,1.441903273,2.975234009,0.574228713,0.681652099,0.946805646,1.010191871,-0.578358991,-0.188029153,-0.283656702,0.01673665,-0.622940339,0.049743349,0.957325115,-1.322388384,-0.056890456,-0.479196459,0.443384606,-1.060848293,0.576920309,-1.208016667,-0.29854369,-0.671727516,0.814706536,-0.484851132,1.054994235,-0.323431793,0.468927645,-0.599300029,1.390762009,-0.509310648,0.639306498,-0.833341506,-0.195281066,-0.002881837,2.398113007,-0.483485126,0.116167975,-1.248462854,-2.124513122,-2.493032775,-1.474768937,-0.058763882,0.45776216,-0.254430189,2.282541892,-0.198502629,0.976126678,0.667822514,0.578394144,101.1054607
C101066,Male,-0.142572818,1.573713398,0.299879897,0.481509413,0.371073941,0.174662221,-0.256620693,1.227260216,-0.925856388,-1.157116093,-0.403268914,-0.326858287,1.00229343,-2.637295076,0.391059238,-1.340049625,-0.084189061,0.130512363,0.602936417,-0.085069185,-1.319179594,0.938651438,-2.144315637,0.337785287,-0.127403666,-0.834753355,-0.225448733,-0.259331398,-0.410920695,1.028622038,0.405530548,0.197483333,-0.675123515,0.506203542,-1.075248925,0.91324384,1.145977453,-0.079663834,-0.131660082,3.604270574,0.919393791,-0.026745162,0.666917588,-1.559902333,-1.838542599,-0.296552996,0.398830663,-2.297137814,1.061538463,-0.16169259,-153.1282763
C101067,Male,-2.627245303,0.531969216,-0.036960646,-0.663480848,1.723111039,-0.651574798,0.495438791,-0.601495589,1.393017857,-0.23801974,0.857212681,0.39405231,-1.551114044,-0.316227306,-1.313839159,1.339059607,-0.429571644,0.23760147,-0.193701578,-0.294247941,-0.878047678,-1.354223466,-0.320406249,1.406264214,-3.328675774,-1.090258134,1.939243376,-0.320504776,1.170127729,0.100402842,-2.653371406,-0.06315158,-1.60914574,0.458280832,0.066844054,0.881080587,-0.046668215,0.92164346,0.946998065,-0.382365297,-0.808755006,1.215361434,-0.00187653,-1.083400349,-0.072838278,0.176990753,0.351437244,1.528873414,-1.362959861,-0.095300042,-616.0431811
C101068,Female,1.333858137,0.556598538,-2.418842147,-1.162688747,1.581494574,1.103254288,0.694256891,1.37155507,0.455736901,0.037874228,-1.286244491,-1.791031158,-0.094755061,-0.134080395,1.507320993,-0.611058065,1.735601748,-0.143971149,-0.339501888,-0.157509971,-1.528680476,0.6744375,1.321591983,0.466108404,2.428712357,0.502724455,-0.547517875,-0.688444059,-0.363180641,-0.919362178,-0.239267692,0.928628171,0.183599836,-0.569279059,0.703824575,-0.425304666,0.49699932,-0.418053854,-0.414394444,0.792365833,1.125978209,-1.830609216,0.383155227,-1.63392207,-0.860095828,-0.055049359,-0.289373812,1.784046431,-0.227033491,-1.398279342,408.0064117
C101069,Female,1.135145495,0.496198251,-1.04625538,-1.05335815,-0.230547114,-0.863271464,0.234944358,0.798184051,-0.24804967,-2.136574148,-1.726573848,0.042930981,-0.854902953,-1.174580828,0.836066722,1.61160666,0.555266491,1.492516357,1.111544429,0.367903559,-0.203774982,0.446036771,-0.68849751,-0.167792887,0.269062034,-1.267946109,-2.042205479,0.970082736,0.561318181,-0.338327521,0.18900871,-0.023744371,-1.304598087,-0.77742582,1.2081023,1.068689473,-1.843314446,0.371715271,0.457492255,0.981460845,-1.362659112,-0.172360528,-1.236043738,0.193550853,0.215293245,-1.312447514,-1.170066547,-0.023750262,-0.476690663,0.407783237,-468.067768
C101070,Male,-1.222663111,0.464471981,1.328449158,-1.066048103,-0.422717774,-0.589264094,-0.738279364,1.032086965,1.380814879,-0.47897048,-1.145777685,0.021827002,-0.699483527,0.749523368,-0.482764335,0.19662977,0.009648307,0.183622912,-1.734466939,-0.783319523,-0.136168272,-0.353524414,-1.009663944,0.566090063,-0.900699109,-0.694617259,-2.247634999,0.438464433,1.681336526,-0.240840789,-1.764731647,-1.678444614,-1.176838115,-0.251531523,-1.24253859,2.017374361,-0.655869325,-0.51508659,0.527794081,0.191449056,0.98794511,0.411984984,0.557388144,-1.013429076,-1.646571632,-1.230548002,0.984146463,-0.762124612,1.453374898,0.656849771,-509.5603354
C101071,Female,0.42308366,-0.909163059,-0.514172301,0.326168325,-0.437350908,1.584148153,-1.791272512,-0.715202806,0.331704544,0.048429229,0.714572072,-0.467854358,0.280937475,1.754116985,1.951350912,0.044090845,-1.580750112,0.104904845,0.367894264,2.494838215,-0.48414473,0.247812772,0.020307043,1.443765835,0.54124841,-2.808870192,0.098137807,1.225630575,-1.20432468,0.348490135,2.039903477,-0.367418707,-0.040354536,-0.68638675,0.44167425,0.42659611,-0.726883521,-1.307238198,-0.84876202,0.070896136,0.293332911,-1.418111154,-0.127093863,1.008761504,0.287585558,-1.24143474,-0.948455083,1.398807577,0.902549327,0.698214804,238.1116701
C101072,Female,-0.214839082,1.98851677,2.532820247,0.32217724,2.316798916,-0.954168537,1.713453276,-1.274505095,1.792354911,-0.083226464,-0.081198718,0.477510277,0.414547237,-0.157234621,1.170774374,1.837803238,-0.510654518,-1.4664685,-0.107496778,1.936631156,-0.135831877,-0.574960522,1.649643893,-0.531958922,-1.68524183,-1.232486231,1.097892862,-0.015224365,0.592953403,0.376225798,0.088784058,-1.266948715,0.617314296,-0.608396272,-0.125298139,-1.78852574,0.968020648,0.880953254,-0.939509138,-0.982568331,-0.453438323,0.586799059,1.810044907,0.204691999,-0.820438592,-0.110900119,1.061812467,-0.195418923,-0.285555813,-0.886243382,-160.334228
C101073,Male,-0.368695016,0.435803425,-0.582226794,1.158019857,-0.252185783,-1.856690331,-0.209234382,-1.732235023,1.768577272,-1.282810273,0.149166496,0.539860465,-0.223669526,1.126637615,-0.86399861,0.233701413,-0.648679088,-1.412117437,1.468959974,0.283368107,-0.897819221,-1.912534036,0.251465055,-0.672668017,-0.63050507,0.003907497,-0.180636484,0.244763536,0.436807844,-1.113966486,0.326604659,-0.420325553,0.578169467,1.016639704,0.430804305,0.53576063,1.110477483,-0.700288411,1.554274418,1.213230742,-0.087080675,0.029236024,-0.084320602,0.287949669,1.07992829,-2.016408836,0.499176226,-0.531435879,-0.66449335,-0.640462563,-134.8983098
C101074,Male,-0.194694062,0.787385593,0.496478373,0.360539227,-0.379210778,1.410405518,-1.328462882,0.054142824,0.197062826,-1.583451894,-1.61408259,0.297256505,0.349336033,0.923040771,0.164112909,0.939271037,0.731515906,0.454563697,-1.266906784,-0.460813289,0.657369654,-0.346297414,-0.923385996,-0.311905638,0.637773468,-0.915105469,0.908916467,1.820534396,1.440128812,-0.65240771,2.348408007,0.92571273,-1.310011481,2.029016113,0.252524352,-0.858644421,-1.907311288,-0.730505868,-0.359627974,-2.488267828,-0.139356725,-0.902279261,-0.018017521,-0.900496307,-0.08302909,-1.30942352,0.09175147,-0.656970221,-0.640015744,-0.679834973,234.3314574
C101075,Female,-0.47390937,-0.696511464,-0.308113333,-0.771441493,0.581111954,-2.292645148,0.071939804,0.082883567,-0.814403263,-0.396516079,0.430714497,-0.908057753,-0.812592021,0.60646299,1.281557768,-0.046651431,1.438313359,1.305915365,2.610321898,0.031999629,-1.367955669,-0.008287415,-0.689360559,-0.906201802,-0.110249577,-2.247812958,-0.054363921,-1.570744153,-1.884963589,0.949988338,-1.184415645,0.131354471,-1.046941019,-0.737641656,1.303576882,0.841340899,0.397376647,-1.460318707,-0.078346064,-2.413179876,-0.636998464,1.437935663,-0.506006878,-1.673804672,-1.916669008,0.223254197,0.341135059,1.532737394,0.380164105,-0.0545148,-719.2776728
C101076,Female,0.800287703,-0.090612832,-1.184976185,-0.109177537,-0.075884745,0.136178075,-0.174398919,-0.334560857,-0.686985824,1.691881527,0.588362579,-0.861841993,1.426375786,-2.305110851,0.455075133,-1.191018407,-1.776956531,1.060478955,-1.556100576,-0.157952898,0.685779824,0.100084762,0.576984662,1.638644497,-0.213994409,0.191615222,-0.58379365,-0.86061781,-0.670441514,-0.097048062,1.867057013,1.308310411,0.686230494,-0.60070277,1.059944029,0.505357483,0.553833279,-1.435825587,1.454449434,-2.047841187,0.089714472,0.321829611,-0.393313928,-0.663684891,1.180784247,-0.119163506,-0.130445021,-0.043379935,-1.249919302,0.46234906,460.9684009
C101077,Male,1.804254175,-0.081866467,0.762596078,1.290279096,-0.355519581,-1.176152427,-1.174910656,1.591196382,0.625584237,0.69613624,-0.060813734,-0.489198055,-1.929906195,0.908715903,-1.686243011,2.265132851,0.264167047,-0.783778369,-2.954454112,0.721561411,-0.57550224,-1.784786472,-1.933598157,2.183530846,-0.657016586,-0.455519133,2.595035928,-2.004689189,-2.13177847,-1.610400216,-1.055339119,-1.282708328,0.354766197,-0.454153264,0.179246086,-0.481495604,-1.376824693,0.321540105,1.085264357,0.160930014,0.448268136,0.583247772,-1.828839527,-0.271204848,-0.372723898,-0.251988521,-0.572750819,0.212258066,-1.312002313,0.870590194,-234.4266463
C101078,Male,-0.206937756,-1.022589271,-1.588214689,0.241871321,1.41130896,0.637995429,-0.467305727,-1.64511666,0.803628957,1.469606469,0.11904624,-0.152393966,0.667254038,2.109259206,0.462365132,0.483646643,1.136787859,0.312988956,0.647394693,0.085759049,-0.331522449,-0.478355959,-0.925739214,-0.057300537,0.165579087,-1.17784601,-0.868080464,-0.216037349,1.113379583,2.499857565,-0.003681764,-0.197868261,0.480093131,-0.204023862,-1.375275027,-0.970493466,0.328401932,-0.242177157,0.315892959,0.067658504,0.03518347,-1.105721627,2.533027774,-1.214626005,1.029976611,-0.153193361,-0.774270584,0.147003341,-0.766755903,1.369604684,185.206291
C101079,Female,-0.008119154,-0.566502687,0.025115567,-0.263186189,-2.065604386,-1.267275882,-0.436498021,-0.141167013,0.365469714,-1.144823649,1.257222529,-0.230825724,-1.832123569,-0.05479292,0.214303844,0.72984079,0.178255363,-0.076533759,0.631563429,-0.3788345,-0.085456973,0.137343557,0.455785008,-1.04613328,0.41813483,0.097619014,-0.245416441,-0.871114521,1.818114689,-1.681659491,-0.123879017,0.554075692,-2.855755336,0.471269977,0.592099718,-0.312156347,0.471175363,-0.660528439,-0.39627016,-0.325215735,0.966050532,0.35879417,-0.594871711,-0.763431721,2.174490575,0.636017715,0.218769541,-1.063086022,0.654294501,-0.06861557,-221.9239777
C101080,Male,-0.615459642,-2.093312306,-2.072130665,-1.30456326,1.310500879,0.550186063,-1.367421557,-0.652949741,-0.50037577,0.686202229,0.552048768,-0.557009196,0.289982373,-0.737751856,1.096357553,-0.680449272,-2.375295034,1.572998746,0.909037248,-1.35725689,0.431690824,0.262097234,0.145984879,1.512398706,0.705712983,0.07934405,-1.242157555,0.372456942,2.283416036,0.675673585,-0.646560059,-0.544439999,2.910797272,-1.409342548,-0.138463394,-0.071786804,0.743250252,-0.18195746,0.447875645,0.13411172,0.859392176,0.379547353,-0.80553136,-0.694385682,0.428115309,0.238813057,-1.155604347,-1.142163665,0.514405706,1.265009241,50.52844941
C101081,Female,0.511378791,-0.536109922,-0.836637472,-0.210842139,1.538843767,-1.202302451,-0.110275386,-0.134465932,0.32845793,1.803936192,-0.311231812,-0.441359592,0.283655215,-1.584880697,-0.26995235,0.855086049,-1.439536584,0.206275417,0.295502091,0.684198666,-0.919543893,0.957712805,0.40749076,-1.81095983,0.67212863,-0.094739298,-1.05010112,1.141802244,-0.762309764,0.550327919,0.040972839,0.296238819,0.018072984,0.402169931,0.026168941,0.927001637,1.261772834,-0.212037973,-0.342862999,0.041620859,0.126031498,0.942901067,-0.637334317,-0.207864409,-1.324162269,0.313057743,-0.599910088,0.584391424,-2.300459508,-0.043025229,150.8555189
C101082,Female,-1.497635138,-0.093982553,0.010880247,0.74149238,-0.321017729,0.810440312,0.074035615,1.187077218,0.016556504,-0.742647177,0.113451935,-0.126147825,1.059319819,0.605012559,1.603523565,-2.103672921,1.225552745,-0.211918465,-0.117226482,0.900009624,-0.945219962,-0.055837409,0.97908393,2.624224477,-1.01179813,1.093044432,-0.795805017,0.061924743,0.458032469,0.083767145,0.563298548,-0.155850693,-0.354778714,1.515149497,-0.210764968,1.241309101,-1.450201744,0.726455064,-0.389598612,0.721985558,1.092919184,0.847148733,-2.3837449,0.422739358,-0.171039947,0.258161394,0.01623407,-0.519940081,-2.490881573,-1.453805104,387.2873531
C101083,Male,0.781684969,-0.66907163,0.90530871,-0.709463796,0.196427326,-0.658898943,-0.399961918,0.299739463,-0.682241119,-0.528032165,-0.674469256,-0.223005687,0.049291083,0.221922647,0.780628828,0.634034267,0.107965828,-0.587763282,-0.059560427,-0.829141791,-1.453556298,1.909782459,-0.115092805,1.357283785,0.557420043,-0.245790792,0.282781936,0.403397361,0.039206347,0.704922641,0.988459278,-1.833361368,-1.02797901,1.156623364,-2.817054585,-0.122668839,1.019664246,0.886285784,0.664920321,0.430944104,-2.719601867,0.711357637,0.238895822,-0.078304804,0.836031488,0.446488398,0.858182039,0.002445407,1.04974733,-0.960361248,-289.2613636
C101084,Male,-0.960970124,-0.781221839,2.356247341,-1.943427965,0.704802713,0.313042698,1.675162119,-1.258846132,0.217675769,-0.552682565,-1.926676703,2.138838878,0.047339785,0.99880358,1.798061568,-0.799875547,0.773918805,-0.019114145,-0.848707506,-0.188318088,0.628805277,-0.267952188,0.686818951,0.926738483,-1.202269072,-1.124698741,0.01279919,0.525371381,0.444387692,-1.326525402,0.341632506,-0.692452114,0.458579565,0.076175113,1.845090554,-1.622251546,1.182179533,0.055877626,-0.179957216,-0.270045045,-0.331468049,-0.968977803,-0.553236501,-1.827677718,-1.945817437,1.030441881,-0.773510551,0.60368692,-0.171046918,-0.642082459,-605.1756249
C101085,Female,-0.162607263,0.056021625,0.386179465,-0.613312533,2.095729646,-1.480207416,-1.460961438,0.085202924,-0.238119793,-2.058464499,-0.576452294,-0.582806249,1.065338416,0.521153778,-1.888195766,2.001229624,0.447318171,-0.474064637,-1.212813865,-1.640799302,-0.100757368,-0.197637265,1.523973075,-1.938391013,0.504167911,1.296146867,-0.848761979,-0.966873051,1.049477129,0.818158575,-0.386530674,0.008952114,-0.436181173,-0.174495023,1.806847128,-0.098612372,1.237994514,1.10652831,0.494990363,1.148637361,1.046347515,2.186549812,0.130570653,-1.043907697,-1.625598467,-0.672075009,-1.451076881,0.003669245,-0.127488243,-1.039007554,152.2244681
C101086,Female,1.14230918,0.693232602,1.59745349,0.302187436,0.845683161,-0.202406685,0.268095126,-0.361175364,-1.463055346,0.727420503,-2.144675128,0.517229883,-0.435856819,1.976024724,-0.410417837,-0.583265516,0.084460332,-0.076223295,1.278429295,0.4668911,-0.101952028,0.369411571,-0.077440149,0.115517424,-1.508702318,-1.656046501,0.111594634,-0.197575791,-1.256598072,0.632292582,0.584493467,0.645285926,-0.300018748,-0.207822384,0.674639167,-1.718581506,0.212250671,0.642124595,0.13398412,-0.142356838,-0.931003746,-1.128819921,1.265828552,1.26923855,0.882228721,0.744471138,-0.698416546,1.760551953,-0.882433332,-0.984387875,-233.7189063
C101087,Male,1.306676682,1.30782756,-0.696357113,0.514627514,-0.00659047,-0.386388361,0.818918139,-0.756309705,-0.849288906,0.01065596,0.634545591,-1.227264019,0.636191924,-0.623892053,-0.758871021,2.569467787,-0.657740479,-0.86230703,0.358612219,-1.461177005,0.257881224,0.020847339,1.923337759,-0.448650976,1.865854186,-0.842543549,0.576165336,-0.892884902,0.394794311,1.936418166,0.748920635,-0.577419682,0.359496519,-1.425909115,-0.897974645,1.128101547,0.295260623,-0.237903955,0.706444725,-0.135377758,0.978382293,0.030202828,-0.623834929,-0.582017545,0.983793749,-0.237253208,0.297699014,1.100857582,0.4865082,0.677770187,507.3683686
C101088,Male,0.055011729,0.920283135,-0.577210045,-0.074963033,-0.892554246,0.386065543,-0.360280662,0.470728398,0.609328734,0.388553843,-0.4900092,1.229882811,-0.624080717,0.565098665,-0.447914338,1.632202655,-2.019367898,0.864331104,-0.24306842,-0.401050698,-0.343208902,0.323255104,0.271344266,0.682837673,0.329211414,-0.869135084,-1.24980175,0.282289714,-1.224447252,-2.589701237,0.396508313,0.519689067,-0.266486905,0.613438852,-1.052968043,1.240272622,-1.257245274,-0.863229768,1.248821717,1.437053206,1.201838783,-0.188471817,-2.565982318,0.661428205,1.055523792,-0.650502351,-0.936878828,0.059415218,1.620111123,0.590368164,475.6011013
C101089,Female,-0.263424501,-0.833006343,1.433876022,-0.092263624,-0.221411937,0.363384965,-0.63910674,-0.856601311,0.370116128,0.464099392,0.786383189,-0.007297442,0.223898226,-0.679320649,0.89127487,-0.201130338,0.627612541,-0.284959779,-0.582937092,0.217881932,0.473363106,-0.186489993,0.149248526,-0.13900501,-0.525986423,-0.259771477,-0.076847682,-1.263855603,0.683086548,1.902416437,-0.653620346,0.887086186,-0.169844026,-0.795605184,0.329847349,0.339756951,-1.186960775,-0.801655452,-1.000807382,0.13406736,-0.006627575,0.020508978,0.267294028,0.274595092,-0.79532325,-0.894938868,-0.160824003,-1.0110214,1.384970926,0.795233891,-34.63289856
C101090,Male,-0.302582744,-0.93290166,0.573324257,0.613568935,-0.140329214,-0.729783971,0.407221645,-1.264670029,-0.504826286,-0.394450336,-0.574184178,0.830400644,0.963396912,0.093554874,-0.199604203,-1.306951232,1.355152672,-0.476553957,0.636579029,1.107295199,1.488753101,-1.967629116,-1.553247276,0.062637123,-0.615310347,-0.403660733,-1.464740467,-0.227287231,0.617893462,-0.466455682,-0.993249459,0.143602644,-1.372728854,-1.745276449,0.659499901,0.289040247,-0.606086634,-0.266788113,-2.611181659,0.944171295,0.480947739,-0.504203281,1.563299137,-1.124403367,-1.299523073,0.116075231,-0.82817222,-1.283067036,-0.305930716,-0.309058309,-485.8658828
C101091,Male,0.660784462,-1.73085929,-0.094117988,-1.805932492,-1.255810333,-1.097992871,-0.653943295,0.878604465,0.102857123,-1.254528742,0.694552704,0.331820669,-0.109453282,-0.431083345,1.150295689,1.514084713,0.152715966,0.315015565,-0.041600952,-0.585373912,-0.203879917,-0.084849139,-0.488186165,0.32969973,1.067178339,0.550447271,1.071242248,0.59963595,-0.74841935,1.08728327,1.688919159,0.828874919,-0.300724066,-0.228272319,1.297064577,-1.145805418,-0.083712855,-0.024942927,0.055290572,1.356272284,0.348515236,-1.004399406,-0.047268383,-0.695432773,-1.903360339,-0.611007997,0.895731336,-1.028396577,0.185845686,-0.751908185,-189.6409041
C101092,Male,-0.924547348,-2.661355152,0.061548221,2.39734828,-0.189992567,0.142630439,-0.103010328,0.23516194,-1.118878443,0.328630162,-1.752241423,-1.312790695,-1.542438452,1.581889668,0.763512476,0.524644973,0.219731528,1.894995069,-1.148890381,0.398429999,0.351966536,1.135299345,-0.861903008,-0.311423003,-0.41629719,-0.869770057,-0.851707087,0.164657802,1.945016154,-0.125121953,-0.96291945,-1.689485368,1.231397564,-0.031461889,-0.215148414,0.413379383,-1.189405394,-0.746621352,0.339274729,-0.321255488,-0.02577634,0.956567433,1.042515353,-2.381837431,0.138355973,-0.790851277,-0.239434599,-0.276019177,1.355491392,0.829067072,-75.68184333
C101093,Female,-1.981734732,-0.180011187,-0.796853777,0.169937921,-2.063407591,-1.978884369,0.634655282,-0.257913237,1.022956134,-0.23744613,0.895055519,0.446041084,1.488352214,-0.737382474,-0.171672141,0.951734397,1.440624229,-0.238270648,-1.652245436,-0.524303948,-0.530630317,-1.613497709,1.065782024,-1.52637112,-1.192623892,-0.911313939,-1.186880442,-0.033612749,1.16582935,-1.527142683,-0.406640389,-0.294720696,1.941813765,0.876033425,-0.719800102,0.748723997,0.317106525,1.728554487,-0.603264977,1.093596206,-0.461667783,-1.991431646,1.3216083,0.384460851,-0.397900624,1.032423749,-0.924640087,-1.85426561,-0.80615436,0.642565376,-190.6376516
C101094,Female,1.332359378,0.157255464,0.873852107,1.307174868,1.105522241,1.496452354,0.714461093,1.025030883,0.565500594,1.040942571,-0.612202693,-0.9025589,0.295433293,-0.066160831,-1.822793732,-0.369438221,0.463878308,0.837809787,1.434846145,0.2026722,-0.349496712,-0.28227564,-0.930845612,-1.135336769,-0.445902349,2.238564775,1.081321299,0.527211679,1.159110293,2.155948511,-1.4799714,-0.419287315,1.776305521,1.553622662,0.664803642,-1.02596747,-0.064299945,-2.096621212,0.377575202,-0.133627524,-0.092461155,-1.400870811,0.460402386,-0.319618114,0.669525145,-2.154454941,1.55488294,-0.720265971,1.719012017,-2.526447504,481.8428202
C101095,Male,-0.610959501,1.543995611,-0.253198448,-0.733412897,0.265320461,-0.756983152,-0.525549701,0.184929241,0.483827525,-0.056361382,-0.822113108,1.754346967,1.429966334,-0.600869795,-0.490235024,0.830145316,0.575638183,-0.090280952,0.196692266,0.464994386,-0.632512452,0.051122408,-0.116699522,-0.875869486,-2.045424903,1.322433985,-1.855700636,0.741595404,1.426122462,-0.040984885,0.34169351,0.083208617,0.519177777,0.56264271,0.569385801,-0.097634073,-0.437004117,0.924703509,1.022042466,0.922142998,-0.627591691,-0.278880797,0.279116041,0.14527083,-0.422195705,-0.139138963,-0.911553298,1.260866203,-0.546991759,1.041235167,50.63819294
C101096,Male,0.846912355,0.150693161,-0.030721558,-0.854257595,-1.104757615,0.400669567,0.814764335,-0.768664572,-0.046232324,1.230859811,-1.742358485,-0.711194719,-0.006644784,1.227793353,-0.876340943,0.292338829,-1.424106661,0.004627653,-3.053265583,0.137407634,-1.022634892,-0.179659675,0.635466824,-0.080777009,2.167546688,-0.946573782,-1.023928131,-0.871312173,-0.173472961,0.844215446,1.629618388,0.645593035,1.286293275,-1.435663508,-1.17519034,-0.786516361,-1.41048664,-0.910579994,0.235917736,-0.056280821,-1.726998791,-1.253128677,-0.170826074,-0.922174769,-1.880692972,-0.32245816,1.032302653,1.210659972,-2.114733371,-0.359630347,-323.7896232
C101097,Male,0.458558321,0.341964891,-0.066556465,-1.979200264,0.985212437,-1.630991124,0.03548208,-1.247671993,-1.510408146,0.310668365,-0.542054223,-1.829722832,-0.60012779,0.750156432,-2.743388515,1.478713627,0.273322303,-0.179572125,0.671431687,-0.340987672,0.875880312,-0.644592715,-0.952846656,-0.03892314,-0.019664011,0.338952124,0.308830213,0.261994939,-0.01230287,-2.236214674,0.013751981,-0.699922109,1.842462028,-0.937263899,-0.007379606,0.553423314,-0.458540655,-0.152993212,-1.460692429,-0.242651492,1.057216069,-1.345742335,-1.729444401,0.788957278,1.867744936,0.023423727,0.630041602,0.985572698,-0.855678313,-1.195503766,109.5026953
C101098,Male,-0.165831771,0.280679383,-0.169006112,1.78610499,-0.299514808,-0.973425567,1.024927197,-0.41340016,-1.201978511,0.468227385,0.444607482,0.243347833,-0.975626817,0.886747976,-0.218796042,0.923403728,1.532659525,1.543928155,-0.816749943,-0.464547649,0.651680044,-0.289667413,0.016700066,-0.862581618,-2.938926123,-0.361957548,0.261000645,0.952453569,0.646001785,-0.358887094,0.734851062,0.454991519,-0.123617571,-1.058020858,0.28372842,0.271416483,1.31637906,0.258493193,-0.590159662,-0.269971259,-1.699969734,0.15122122,0.285098362,1.222695368,-1.864974223,0.337948755,-0.380951404,0.502171452,-0.233651092,0.813408472,-303.9007706
C101099,Female,-0.993839572,-0.196576955,0.217442076,-1.157736713,-0.391378308,0.578652303,0.470899049,0.856228893,-0.02516159,0.851609638,0.085737378,0.825539766,0.283967652,0.066266432,-0.278277284,0.548586427,-0.874773676,0.174495363,0.025042943,-0.014734873,2.390258838,-0.060380158,-0.934219569,0.688254686,-0.678353369,0.174727223,-1.45461207,0.350033155,0.390877785,0.148987084,0.293225414,1.335560001,0.37199644,-0.942268626,-1.654245732,-0.597925188,0.000885951,1.603280105,0.691913187,-0.505598079,-1.677286586,-0.008191797,0.039331032,0.47154126,-1.053681096,-0.808828838,1.945493729,1.017234962,-0.673699221,-0.033282295,-97.47143757
C101100,Male,1.223301443,2.176835194,-0.864165787,0.539048415,-1.533066224,1.218842165,-1.57568521,0.981488074,-0.762548786,0.979479858,-0.86117772,0.789818986,-0.425077214,-0.274762385,-1.620865864,-0.134952217,-0.355005246,-0.495289669,0.157113523,0.83265265,-0.443414746,0.061146316,0.208493364,-0.212058457,0.151674857,-1.043602174,0.24288102,0.98271948,-0.428673449,0.261319627,-1.581158311,0.537733307,0.732004532,-0.244934438,0.852898951,0.366582804,0.652082717,0.089887141,-0.24766319,-0.519422965,-1.446580087,0.108618501,1.219664505,-0.344078834,-0.598786631,-0.970627632,0.679652511,0.459422338,-0.642811382,2.490714194,-229.0786093
C101101,Female,-1.386222395,-0.836544872,2.091630207,-1.106630082,0.091492538,-0.629315429,-0.326784972,0.426180521,-0.773254846,0.289019974,0.33512677,-2.497452968,0.853300575,0.021817518,-1.184938515,0.892204478,1.354082567,1.736226902,-3.274735321,-0.645617023,0.159590326,0.117460533,0.142282898,0.357992759,-0.046060497,0.024541153,0.527610259,-0.967621299,0.281869686,-0.994273466,0.90706911,-0.243049429,-0.772485855,1.404984641,0.426862518,-1.503011379,-1.045857907,-0.259713346,-0.204300965,-1.432052964,-0.628209662,0.33543428,0.103997505,0.231902,-1.0936706,0.501606701,-0.125043102,0.15562201,-1.009854037,-0.19088866,-84.50288424
C101102,Male,-1.277437907,1.291162413,-0.392349458,0.877078673,-0.853842399,-0.361331407,-0.296240045,1.327160281,-1.258582299,0.41378999,0.511875576,0.85483608,0.406987705,1.705376661,0.662596246,-0.950019989,-0.082448506,-0.850708104,-1.598753628,0.437644947,-0.687045241,1.582498355,0.486254453,-1.071009381,-0.480431018,-1.107553019,0.019430847,1.412619755,0.965183892,-0.124727291,1.65350694,0.120886799,0.436302891,0.201834274,0.669628095,-0.526615655,-1.085359283,0.028372047,-1.509131638,0.136699437,-0.947500797,0.013681304,0.192244769,1.079107644,-0.450174746,-1.155370766,0.956010677,-0.970833829,0.893935252,-0.702885614,40.03971199
C101103,Female,0.109948956,1.742280052,0.001732447,-0.82344016,0.162109574,-0.653316685,-0.121693249,0.094265178,-0.719857983,-0.218536356,-0.467368219,-0.224127883,-0.243969341,-1.379223526,0.155704004,1.314784973,-0.083116158,-0.276609417,0.363867604,-0.54346032,1.929118419,-0.929351504,0.441145565,-0.083667849,0.044473182,-1.066198317,1.010413576,-0.913515411,0.457375331,0.712261824,0.012273187,-1.727676257,0.517904165,0.665272021,1.729244059,1.911282999,-0.739963549,0.307000734,0.577315652,0.27399522,-1.118322143,-0.722787436,-1.161374736,2.553392905,-0.375872308,-1.526143428,-0.476082047,-1.644251293,2.293541934,-0.821828302,-11.83722847
C101104,Male,1.890049411,-2.033729737,0.071007346,0.327468862,1.042988148,-1.309563825,0.038638849,0.367579285,0.317786388,-0.578387448,-0.350328983,1.909899303,-0.633371535,-0.5029264,0.248622697,0.649613918,0.101008112,-0.796992672,0.109811808,0.668419093,0.930968471,0.07063037,1.173770668,1.216331946,0.313469144,-0.664705121,-1.68629526,1.135781434,0.10119772,1.17288798,0.809564634,-0.294723387,0.576828585,0.991123304,0.078340903,0.334896926,1.46454867,-0.236821577,0.542304457,1.563605576,-0.748941167,0.451898087,-0.088336248,-0.122268887,-0.918100728,-0.249465254,-0.904557473,0.74249016,1.773379156,0.41296426,212.3853684
C101105,Female,0.545894058,-0.052039323,-0.261372151,1.098583957,-1.406405917,0.011907153,0.29362192,-2.093613093,0.185872941,0.14507508,-0.544608577,-0.717317036,-0.678440704,0.345868837,0.740698567,-1.023351533,-1.728465038,0.207797744,0.376477238,-0.509732124,0.221522779,1.386570292,2.307514005,0.755640345,0.488492499,0.177504341,-1.361727759,-0.199223369,-0.755785402,-1.992171692,1.084859714,-1.300795643,0.627253921,2.370702255,0.056996008,-0.395024465,-0.431359876,0.350337945,-0.257587823,0.763500978,-0.331478986,0.162844974,-0.371666774,1.45441727,-0.69636128,-0.906763881,-0.7986501,2.085777075,-0.272601063,-0.552527515,-172.6343452
C101106,Male,-0.911273343,0.4605533,0.195820868,-0.917106827,1.186497223,0.66296664,-0.398719633,2.43971364,-0.060134028,0.415008509,-0.335488512,-1.417887525,-1.062172741,-0.065499627,-1.102636064,0.382781304,-0.875797485,-2.201813121,-1.491217108,-1.711047348,0.877146598,-0.120742344,1.233009479,0.336987855,2.093701392,-1.141876501,0.049912189,-0.131102993,0.542641573,0.279160577,-1.053540498,-2.192319385,-1.205895633,-0.396383029,2.351958513,-0.945048558,0.314446924,-0.222739873,-0.518974244,-0.176629916,1.67096981,1.699750393,0.410984656,0.515566251,0.341857234,0.501989891,0.385107531,-1.07539356,-0.389234836,0.748625878,-66.71923905
C101107,Male,-1.43441823,-3.017672042,0.028855766,-0.179084697,-0.308937775,0.140294361,0.743346468,2.453046688,1.907867598,0.852574404,0.138697784,0.946447793,-0.538443665,-1.289555123,-0.083488439,0.103346212,-0.592740009,-0.16156946,-0.417395107,-0.046782357,-0.314972694,-0.397769429,-0.07938939,0.845233355,-2.146196681,-1.376339791,2.082934409,-1.121555293,0.895409386,0.114369837,1.935836825,-0.170138379,1.365995198,-0.386779921,0.594158146,2.275309383,-1.092804571,-1.452773563,-0.980502478,-0.916487763,-1.042055991,0.797042345,0.305290759,0.75066851,-1.064564727,1.067162996,-1.133587351,-0.001200556,0.290555736,-0.973537187,131.9215859
C101108,Male,-1.538160267,-0.002097298,-1.73014546,-0.18074656,-0.941539203,-0.148415499,-0.288690869,0.232357738,1.089183194,0.73880661,-0.148932249,-0.142554704,1.474149438,0.00437697,-0.346735189,-1.552508697,1.405206016,1.408908806,1.340949912,-0.638248537,0.533974053,-0.00269552,0.681426393,0.823150035,0.123523754,0.484216079,1.176653628,2.222980923,0.32438097,0.442767425,-1.567553335,1.376508715,-0.46135627,1.267864307,0.26078734,-2.03365568,0.090820968,0.790338,-0.887772003,-0.165343588,0.208879124,-0.463778557,-0.462743968,-0.175988846,-1.236334064,0.280264346,-0.98497093,-1.384117467,1.546345833,-1.199435515,-64.55563011
C101109,Male,-0.216082282,-0.38638816,-0.775928212,-1.004803427,-1.240052339,-0.722427008,0.026043765,-0.354113684,0.197412009,-0.902428036,-0.92619355,0.999431182,-0.664270402,-0.624315013,-1.664510643,-2.225655015,-0.478927507,-0.800534449,-0.966677546,1.230679479,-0.436676315,-0.399385285,-1.497750435,-0.164652238,0.733143131,0.371899968,-1.15887936,-0.694846753,-0.130434831,0.323672927,-0.732653889,0.459289022,0.131156494,1.024230257,0.236848597,-0.085025805,0.623479351,0.451103379,-0.7730224,0.049637458,0.613595196,-0.281280646,0.466614495,0.693432794,-1.348631445,-0.059408641,0.951326475,-0.010561146,0.341045037,1.079492604,-566.2123511
C101110,Female,-0.215616231,-0.676473693,0.905668889,0.280070313,-0.492325937,0.697074166,0.253974687,1.411181272,0.562443504,-0.213264624,-0.453529674,-0.886695265,0.404818697,-0.481877515,0.217404981,0.923850008,-0.463847545,-0.543035174,-1.002299339,0.140893366,0.455098947,-0.167477163,-2.261102536,0.41109922,1.317031869,0.712150453,0.841267918,-0.897528126,0.955550894,1.011280076,-0.744365062,-0.317881383,-1.390229975,-1.431153521,0.498608621,1.779222079,-0.116933257,0.715605076,1.641450026,0.417067556,0.784879731,0.392545362,-1.447767591,-0.741764169,-0.506879142,1.820730831,2.368725047,-1.34697325,0.060679566,-2.65338512,126.8676899
C101111,Female,0.4719239,-0.692522985,-0.935058085,0.064133856,0.967575925,-0.930594683,-0.062545444,0.376402542,0.315076077,1.313485989,0.03796037,-1.902405379,-0.574382835,-0.451044466,0.224846552,1.601111151,1.710818472,-0.314413023,-0.91434793,0.336665166,0.592757726,0.79941356,3.31559442,0.944826668,-1.164005373,0.228359995,1.043995229,0.26024193,-0.267421953,0.58808601,-1.242197518,0.618331711,-1.873635244,0.165438133,1.122694161,-0.212663447,-2.196699412,0.994761999,0.253988961,0.240523038,0.680200731,-0.688289694,2.63962836,-1.108810822,0.108225038,0.661107329,1.381723305,-0.80601945,2.330317794,-1.592617013,499.407627
C101112,Female,-0.137029917,0.857541391,0.378488999,-0.21665788,1.566653985,-0.125520803,1.4777179,0.753415014,1.25882775,1.199324412,-0.780487444,0.312090145,-1.501351093,1.605749766,0.655643216,1.198450922,-1.066598836,0.433557863,0.531348305,1.536030619,0.580262336,1.427166587,-0.49240146,-1.320410386,-0.694666529,-1.161094106,0.079388129,0.705455955,-1.134672125,-0.393868451,1.051025755,0.296133559,0.931145282,0.908216986,1.161275942,1.620770993,1.325983165,0.663841237,0.646363887,-0.716384779,1.137371072,0.264988137,-0.182802135,1.042914457,-0.177949277,-0.193486624,1.293933283,-0.665917915,-2.818575025,0.740066151,516.1040243
C101113,Male,-0.577724573,0.187917248,1.748337606,0.77465896,0.750356451,0.846431609,-0.551212706,0.215621797,-1.050719928,-0.253105896,0.760687518,-0.40820626,0.030943625,-0.458152555,-0.231420065,-0.393328468,1.183260997,0.1126972,-1.643077031,1.480680827,0.266340093,-0.27867819,-0.33481625,1.88916076,0.148624821,-0.201444851,-0.630314239,-1.421417911,-0.438266216,0.799907044,0.267105284,-0.718943831,-0.789532347,-0.430839262,-0.112730136,-0.846379163,-1.672405772,0.081912258,-0.966480902,0.147111233,0.748208077,-1.083795928,-0.194693339,0.700456363,-2.380886469,0.981261687,-0.12677357,0.036565194,0.629198589,-1.124139527,-34.28394556
C101114,Female,-0.948054082,0.486474907,-1.057842343,-0.251081563,1.113869968,0.291031423,1.06000168,0.565556006,-0.816265611,-1.425711271,1.45532601,-0.687773773,0.795139005,-0.079001867,0.103192869,-0.3145373,0.125739993,0.487309895,-0.615460684,-0.648688117,-0.361264237,-0.006145584,0.435167059,1.46776306,-0.577963717,2.541513161,0.353340033,-1.103080233,-2.245717548,0.741288627,1.378002488,0.099815794,1.998965303,0.698419224,-0.436042306,-0.737223742,-1.270475545,-0.0091845,-0.2283026,-0.271455443,0.338087413,0.411742249,0.955228508,-0.465692855,0.596589777,0.441606536,-0.859081183,-1.300539286,1.815853875,0.928520699,602.5837316
C101115,Female,-0.30838548,0.104984344,-2.444440257,0.544155867,1.450638659,0.989812703,-1.040784271,0.933375163,1.196425426,0.292734806,0.909785683,0.515129564,0.81947074,2.207084834,1.60007808,-0.523430801,-1.603175195,0.80699003,0.666651483,0.239997508,-0.911911854,0.862155014,-0.047664805,-0.780762625,0.336445616,-1.296371296,-0.697803864,0.374887848,-1.026706551,-2.108987984,0.80642607,0.422246117,1.1607552,0.382647922,-0.068533679,0.018604172,0.777316535,0.028860771,1.953659777,-0.42700761,-1.25190578,-1.012618146,-1.475901494,-0.263437284,-0.42645376,-0.872267696,2.336625566,0.544228139,0.158364512,0.258894689,282.778736
C101116,Male,-0.88656207,-0.25993711,1.035983405,-0.528393126,-0.528522673,0.820604674,1.185488505,-0.584607349,-0.049287772,1.021271261,0.486230392,1.254875826,-0.100087054,0.048588248,1.395831641,0.023543478,0.43904649,0.770553205,-0.102706355,-0.914580667,-0.316793322,-0.141952164,-1.39367679,-1.043941554,-1.010014788,-0.77965032,-0.993731919,-0.73519055,-0.150776165,-0.991080751,-0.415548162,0.52458202,0.160781565,0.848822362,1.25200303,0.650692963,-0.004802223,-0.431291213,0.495091082,0.905490135,-0.203330551,1.02686069,1.763159109,0.033973254,1.234948101,1.174519825,0.074897873,-0.869311686,-0.691580459,-1.405996273,-32.68244858
C101117,Male,-0.178818019,0.940486069,-1.595312383,0.789435279,0.459910323,-0.336124324,0.495402976,-0.376599838,-0.479811129,-1.515074182,-0.957457839,-0.513362934,0.81022007,0.366108225,-0.215153618,-1.044007408,1.409154205,2.245903753,1.020339273,-0.11600933,1.267565286,-0.555140522,0.563235194,-0.068110189,0.498722653,-0.631006174,0.448300252,-0.685318246,0.858729634,-0.869744007,0.308873185,0.673985613,-0.522158463,-0.860512027,-0.368427061,-0.987730403,0.634165123,0.902784954,0.577946754,0.249446004,0.278225446,0.767588204,-1.663836428,1.323478695,1.781372206,0.234357586,-0.515929765,-0.903009967,-1.18986408,0.36080345,29.33265205
C101118,Male,0.76495234,0.861624774,-0.544463542,-0.025171933,-0.322986708,0.086972888,-0.139505449,-0.979907249,-0.788819631,-1.231732642,0.517949668,-0.173293331,1.191628122,0.583303627,0.28051406,-0.027068163,0.64517235,-1.250788846,1.93260678,1.925065178,1.821574007,-0.003797081,0.80983017,-1.154736511,0.823992413,1.428854894,-1.76075317,0.91016965,-0.283876887,-0.153817564,0.11735145,-0.050842401,-1.407935876,-1.179475083,0.032524808,2.316485074,-0.2441174,-0.580938643,-0.38268974,-2.742177304,-0.066357752,-1.173686481,0.950894691,1.90012376,-0.219998012,-0.851702842,-0.305174257,1.783945786,0.070477156,-0.175314322,306.7601631
C101119,Male,1.594069769,-1.735662207,0.242337823,-0.517431761,0.162600941,-1.517134375,-1.073926558,1.514416243,0.854193516,-0.329177317,-2.399731021,-0.396816158,0.720671798,-1.073781616,1.37432649,-0.822516866,0.862047794,-0.89962886,0.959173404,0.818523071,-1.317918876,1.406540338,-0.193840506,0.154162943,-1.081518794,-0.843385209,0.263084036,2.935907215,0.165153353,-0.294370573,-1.415245619,-0.107087196,1.168347559,-0.997100097,-0.047429988,0.234756139,-0.751785342,-1.884425032,0.650846338,0.214128581,0.231802562,0.872157064,-1.594337454,-0.252437628,-0.126378175,-0.681119581,0.197623393,0.221948683,1.425367006,-0.188605153,-284.3649155
C101120,Female,0.807054887,-1.132557635,-0.338167218,1.797407451,-0.137811976,-1.591960394,-2.719084937,0.680928801,-0.576751694,-0.484305626,-0.415971168,0.849789357,1.359960227,-2.730437988,0.344284196,0.828820024,-0.00265219,0.208104639,0.178064903,0.472120903,-0.431022658,0.565382377,2.982829844,0.512927734,0.373276559,0.061178052,-0.303378882,0.024261625,1.754710072,-1.431179548,0.134948862,-0.529243169,-0.405942106,-0.799992773,-0.82631058,-0.01411862,0.766996987,-0.519427173,-1.339659269,1.723856062,2.010897711,0.671975482,-0.044885891,1.156212557,-0.397343745,-1.895330287,-0.039211499,0.251745727,2.679070065,1.40990775,437.95031
C101121,Male,-0.536209399,-1.607782253,0.734698824,-1.78882717,-0.599324421,-0.929204483,-0.850709417,1.018848589,0.915223967,-0.481643652,-1.299385012,-1.54072404,2.489358019,-1.329937496,0.685123197,-0.712128988,0.028698019,0.119304092,-0.045003178,-1.866655425,-0.425960517,0.959463605,2.223955301,-0.794780034,-0.261969282,-0.609547193,0.213182826,-0.258219534,-1.33435195,-0.586240582,2.63755616,0.250480847,2.113697181,0.465458416,-0.894347458,-2.656989545,-0.533237085,-2.624524809,-0.307836196,-0.236719648,-0.429061036,0.864875595,0.843548816,1.567115165,0.388467088,0.757150683,-0.756923881,0.531366507,0.387544957,1.062349426,-10.4412778
C101122,Male,0.381752146,-1.304966708,1.539034076,0.503867963,0.310331505,0.635675651,0.145775213,-0.893111807,0.450735159,-1.627459724,2.152972694,-2.087353305,0.517392731,1.540774879,0.399829857,-0.036530701,-0.027009464,-0.792635479,-0.220496955,-0.306562764,0.66999633,-0.712120867,0.480777251,-0.936986825,0.228288706,-0.309965868,-2.243969194,1.025547523,-0.505002569,1.427485403,-0.603926941,0.155735978,-2.829625786,0.907245339,-0.272678375,1.206190988,1.589582843,0.178954757,0.132540761,0.270336574,-0.499739718,-1.637186499,0.244373204,-0.936167528,0.064989485,0.628482689,0.389299777,0.537337906,1.966744069,0.342002703,58.06857465
